class_name,filename,source_csv,rows,usable_frame_rows,usable_windows,invalid_rows,missing_required_columns,nan_inf_count,mean_point_count,min_point_count,max_point_count,mean_abs_velocity,column_count,columns,audit_error,error_message,suspicious,suspicious_reasons
STANDING,replay_2025-08-22_13-48-32swap.csv,C:\Users\UBESC\AppData\Local\Temp\tmpxeo3aj3u\standing\replay_2025-08-22_13-48-32swap.csv,999,539,532,460,,0,4.912912912912913,0,13,11763414272.489403,75,tid;posx;posy;posz;velx;vely;velz;accx;accy;accz;pointx1;pointy1;pointz1;doppler1;snr1;pointx2;pointy2;pointz2;doppler2;snr2;pointx3;pointy3;pointz3;doppler3;snr3;pointx4;pointy4;pointz4;doppler4;snr4;pointx5;pointy5;pointz5;doppler5;snr5;pointx6;pointy6;pointz6;doppler6;snr6;pointx7;pointy7;pointz7;doppler7;snr7;pointx8;pointy8;pointz8;doppler8;snr8;pointx9;pointy9;pointz9;doppler9;snr9;pointx10;pointy10;pointz10;doppler10;snr10;pointx11;pointy11;pointz11;doppler11;snr11;pointx12;pointy12;pointz12;doppler12;snr12;pointx13;pointy13;pointz13;doppler13;snr13,False,,False,
STANDING,replay_2025-08-22_13-51-19swap.csv,C:\Users\UBESC\AppData\Local\Temp\tmpxeo3aj3u\standing\replay_2025-08-22_13-51-19swap.csv,963,284,277,679,,0,3.249221183800623,0,9,0.12611194251873536,55,tid;posx;posy;posz;velx;vely;velz;accx;accy;accz;pointx1;pointy1;pointz1;doppler1;snr1;pointx2;pointy2;pointz2;doppler2;snr2;pointx3;pointy3;pointz3;doppler3;snr3;pointx4;pointy4;pointz4;doppler4;snr4;pointx5;pointy5;pointz5;doppler5;snr5;pointx6;pointy6;pointz6;doppler6;snr6;pointx7;pointy7;pointz7;doppler7;snr7;pointx8;pointy8;pointz8;doppler8;snr8;pointx9;pointy9;pointz9;doppler9;snr9,False,,False,
STANDING,replay_2025-09-18_14-40-37_final.csv,C:\Users\UBESC\AppData\Local\Temp\tmpxeo3aj3u\standing\replay_2025-09-18_14-40-37_final.csv,1300,1007,1000,293,velx;accx,0,6.77,0,17,0.16793657969489678,92,tid;posy;posz;vely;velz;accy;accz;pointx1;pointy1;pointz1;doppler1;snr1;pointx2;pointy2;pointz2;doppler2;snr2;pointx3;pointy3;pointz3;doppler3;snr3;pointx4;pointy4;pointz4;doppler4;snr4;pointx5;pointy5;pointz5;doppler5;snr5;pointx6;pointy6;pointz6;doppler6;snr6;pointx7;pointy7;pointz7;doppler7;snr7;pointx8;pointy8;pointz8;doppler8;snr8;pointx9;pointy9;pointz9;doppler9;snr9;pointx10;pointy10;pointz10;doppler10;snr10;pointx11;pointy11;pointz11;doppler11;snr11;pointx12;pointy12;pointz12;doppler12;snr12;pointx13;pointy13;pointz13;doppler13;snr13;pointx14;pointy14;pointz14;doppler14;snr14;pointx15;pointy15;pointz15;doppler15;snr15;pointx16;pointy16;pointz16;doppler16;snr16;pointx17;pointy17;pointz17;doppler17;snr17,False,,True,missing columns
STANDING,results_STOOD_DYLAN_170031.csv,C:\Users\UBESC\AppData\Local\Temp\tmpxeo3aj3u\standing\results_STOOD_DYLAN_170031.csv,760,607,600,153,velx;accx,0,7.2973684210526315,1,16,0.10063157894736843,158,Frame count;tid;posy;posz;vely;velz;accy;accz;pointy0;pointz0;snr0;pointy1;pointz1;snr1;pointy2;pointz2;snr2;pointy3;pointz3;snr3;pointy4;pointz4;snr4;pointy5;pointz5;snr5;pointy6;pointz6;snr6;pointy7;pointz7;snr7;pointy8;pointz8;snr8;pointy9;pointz9;snr9;pointy10;pointz10;snr10;pointy11;pointz11;snr11;pointy12;pointz12;snr12;pointy13;pointz13;snr13;pointy14;pointz14;snr14;pointy15;pointz15;snr15;pointy16;pointz16;snr16;pointy17;pointz17;snr17;pointy18;pointz18;snr18;pointy19;pointz19;snr19;pointy20;pointz20;snr20;pointy21;pointz21;snr21;pointy22;pointz22;snr22;pointy23;pointz23;snr23;pointy24;pointz24;snr24;pointy25;pointz25;snr25;pointy26;pointz26;snr26;pointy27;pointz27;snr27;pointy28;pointz28;snr28;pointy29;pointz29;snr29;pointy30;pointz30;snr30;pointy31;pointz31;snr31;pointy32;pointz32;snr32;pointy33;pointz33;snr33;pointy34;pointz34;snr34;pointy35;pointz35;snr35;pointy36;pointz36;snr36;pointy37;pointz37;snr37;pointy38;pointz38;snr38;pointy39;pointz39;snr39;pointy40;pointz40;snr40;pointy41;pointz41;snr41;pointy42;pointz42;snr42;pointy43;pointz43;snr43;pointy44;pointz44;snr44;pointy45;pointz45;snr45;pointy46;pointz46;snr46;pointy47;pointz47;snr47;pointy48;pointz48;snr48;pointy49;pointz49;snr49,False,,True,missing columns
STANDING,results_STOOD_ED_160456.csv,C:\Users\UBESC\AppData\Local\Temp\tmpxeo3aj3u\standing\results_STOOD_ED_160456.csv,771,731,724,40,velx;accx,0,10.153047989623865,2,21,0.13520752269779507,158,Frame count;tid;posy;posz;vely;velz;accy;accz;pointy0;pointz0;snr0;pointy1;pointz1;snr1;pointy2;pointz2;snr2;pointy3;pointz3;snr3;pointy4;pointz4;snr4;pointy5;pointz5;snr5;pointy6;pointz6;snr6;pointy7;pointz7;snr7;pointy8;pointz8;snr8;pointy9;pointz9;snr9;pointy10;pointz10;snr10;pointy11;pointz11;snr11;pointy12;pointz12;snr12;pointy13;pointz13;snr13;pointy14;pointz14;snr14;pointy15;pointz15;snr15;pointy16;pointz16;snr16;pointy17;pointz17;snr17;pointy18;pointz18;snr18;pointy19;pointz19;snr19;pointy20;pointz20;snr20;pointy21;pointz21;snr21;pointy22;pointz22;snr22;pointy23;pointz23;snr23;pointy24;pointz24;snr24;pointy25;pointz25;snr25;pointy26;pointz26;snr26;pointy27;pointz27;snr27;pointy28;pointz28;snr28;pointy29;pointz29;snr29;pointy30;pointz30;snr30;pointy31;pointz31;snr31;pointy32;pointz32;snr32;pointy33;pointz33;snr33;pointy34;pointz34;snr34;pointy35;pointz35;snr35;pointy36;pointz36;snr36;pointy37;pointz37;snr37;pointy38;pointz38;snr38;pointy39;pointz39;snr39;pointy40;pointz40;snr40;pointy41;pointz41;snr41;pointy42;pointz42;snr42;pointy43;pointz43;snr43;pointy44;pointz44;snr44;pointy45;pointz45;snr45;pointy46;pointz46;snr46;pointy47;pointz47;snr47;pointy48;pointz48;snr48;pointy49;pointz49;snr49,False,,True,missing columns
STANDING,results_STOOD_EDDIE_174905.csv,C:\Users\UBESC\AppData\Local\Temp\tmpxeo3aj3u\standing\results_STOOD_EDDIE_174905.csv,842,766,759,76,velx;accx,0,9.502375296912113,1,20,0.18466745843230406,158,Frame count;tid;posy;posz;vely;velz;accy;accz;pointy0;pointz0;snr0;pointy1;pointz1;snr1;pointy2;pointz2;snr2;pointy3;pointz3;snr3;pointy4;pointz4;snr4;pointy5;pointz5;snr5;pointy6;pointz6;snr6;pointy7;pointz7;snr7;pointy8;pointz8;snr8;pointy9;pointz9;snr9;pointy10;pointz10;snr10;pointy11;pointz11;snr11;pointy12;pointz12;snr12;pointy13;pointz13;snr13;pointy14;pointz14;snr14;pointy15;pointz15;snr15;pointy16;pointz16;snr16;pointy17;pointz17;snr17;pointy18;pointz18;snr18;pointy19;pointz19;snr19;pointy20;pointz20;snr20;pointy21;pointz21;snr21;pointy22;pointz22;snr22;pointy23;pointz23;snr23;pointy24;pointz24;snr24;pointy25;pointz25;snr25;pointy26;pointz26;snr26;pointy27;pointz27;snr27;pointy28;pointz28;snr28;pointy29;pointz29;snr29;pointy30;pointz30;snr30;pointy31;pointz31;snr31;pointy32;pointz32;snr32;pointy33;pointz33;snr33;pointy34;pointz34;snr34;pointy35;pointz35;snr35;pointy36;pointz36;snr36;pointy37;pointz37;snr37;pointy38;pointz38;snr38;pointy39;pointz39;snr39;pointy40;pointz40;snr40;pointy41;pointz41;snr41;pointy42;pointz42;snr42;pointy43;pointz43;snr43;pointy44;pointz44;snr44;pointy45;pointz45;snr45;pointy46;pointz46;snr46;pointy47;pointz47;snr47;pointy48;pointz48;snr48;pointy49;pointz49;snr49,False,,True,missing columns
STANDING,results_STOOD_EMMANUEL180704.csv,C:\Users\UBESC\AppData\Local\Temp\tmpxeo3aj3u\standing\results_STOOD_EMMANUEL180704.csv,787,669,662,118,velx;accx,0,7.898348157560355,1,20,0.0933163913595934,158,Frame count;tid;posy;posz;vely;velz;accy;accz;pointy0;pointz0;snr0;pointy1;pointz1;snr1;pointy2;pointz2;snr2;pointy3;pointz3;snr3;pointy4;pointz4;snr4;pointy5;pointz5;snr5;pointy6;pointz6;snr6;pointy7;pointz7;snr7;pointy8;pointz8;snr8;pointy9;pointz9;snr9;pointy10;pointz10;snr10;pointy11;pointz11;snr11;pointy12;pointz12;snr12;pointy13;pointz13;snr13;pointy14;pointz14;snr14;pointy15;pointz15;snr15;pointy16;pointz16;snr16;pointy17;pointz17;snr17;pointy18;pointz18;snr18;pointy19;pointz19;snr19;pointy20;pointz20;snr20;pointy21;pointz21;snr21;pointy22;pointz22;snr22;pointy23;pointz23;snr23;pointy24;pointz24;snr24;pointy25;pointz25;snr25;pointy26;pointz26;snr26;pointy27;pointz27;snr27;pointy28;pointz28;snr28;pointy29;pointz29;snr29;pointy30;pointz30;snr30;pointy31;pointz31;snr31;pointy32;pointz32;snr32;pointy33;pointz33;snr33;pointy34;pointz34;snr34;pointy35;pointz35;snr35;pointy36;pointz36;snr36;pointy37;pointz37;snr37;pointy38;pointz38;snr38;pointy39;pointz39;snr39;pointy40;pointz40;snr40;pointy41;pointz41;snr41;pointy42;pointz42;snr42;pointy43;pointz43;snr43;pointy44;pointz44;snr44;pointy45;pointz45;snr45;pointy46;pointz46;snr46;pointy47;pointz47;snr47;pointy48;pointz48;snr48;pointy49;pointz49;snr49,False,,True,missing columns
STANDING,results_STOOD_FAIK_164849.csv,C:\Users\UBESC\AppData\Local\Temp\tmpxeo3aj3u\standing\results_STOOD_FAIK_164849.csv,796,754,747,42,velx;accx,0,9.076633165829145,1,17,0.10820979899497488,158,Frame count;tid;posy;posz;vely;velz;accy;accz;pointy0;pointz0;snr0;pointy1;pointz1;snr1;pointy2;pointz2;snr2;pointy3;pointz3;snr3;pointy4;pointz4;snr4;pointy5;pointz5;snr5;pointy6;pointz6;snr6;pointy7;pointz7;snr7;pointy8;pointz8;snr8;pointy9;pointz9;snr9;pointy10;pointz10;snr10;pointy11;pointz11;snr11;pointy12;pointz12;snr12;pointy13;pointz13;snr13;pointy14;pointz14;snr14;pointy15;pointz15;snr15;pointy16;pointz16;snr16;pointy17;pointz17;snr17;pointy18;pointz18;snr18;pointy19;pointz19;snr19;pointy20;pointz20;snr20;pointy21;pointz21;snr21;pointy22;pointz22;snr22;pointy23;pointz23;snr23;pointy24;pointz24;snr24;pointy25;pointz25;snr25;pointy26;pointz26;snr26;pointy27;pointz27;snr27;pointy28;pointz28;snr28;pointy29;pointz29;snr29;pointy30;pointz30;snr30;pointy31;pointz31;snr31;pointy32;pointz32;snr32;pointy33;pointz33;snr33;pointy34;pointz34;snr34;pointy35;pointz35;snr35;pointy36;pointz36;snr36;pointy37;pointz37;snr37;pointy38;pointz38;snr38;pointy39;pointz39;snr39;pointy40;pointz40;snr40;pointy41;pointz41;snr41;pointy42;pointz42;snr42;pointy43;pointz43;snr43;pointy44;pointz44;snr44;pointy45;pointz45;snr45;pointy46;pointz46;snr46;pointy47;pointz47;snr47;pointy48;pointz48;snr48;pointy49;pointz49;snr49,False,,True,missing columns
SITTING,replay_2025-08-22_13-44-11swap.csv,C:\Users\UBESC\AppData\Local\Temp\tmpxeo3aj3u\sitting\replay_2025-08-22_13-44-11swap.csv,1240,33,26,1207,,0,2.3209677419354837,0,6,2.9453537280743726e+32,40,tid;posx;posy;posz;velx;vely;velz;accx;accy;accz;pointx1;pointy1;pointz1;doppler1;snr1;pointx2;pointy2;pointz2;doppler2;snr2;pointx3;pointy3;pointz3;doppler3;snr3;pointx4;pointy4;pointz4;doppler4;snr4;pointx5;pointy5;pointz5;doppler5;snr5;pointx6;pointy6;pointz6;doppler6;snr6,False,,True,abnormal posz range
SITTING,replay_2025-09-18_14-47-34_final.csv,C:\Users\UBESC\AppData\Local\Temp\tmpxeo3aj3u\sitting\replay_2025-09-18_14-47-34_final.csv,1300,712,705,588,velx;accx,0,4.812307692307693,0,11,0.09493185592594544,62,tid;posy;posz;vely;velz;accy;accz;pointx1;pointy1;pointz1;doppler1;snr1;pointx2;pointy2;pointz2;doppler2;snr2;pointx3;pointy3;pointz3;doppler3;snr3;pointx4;pointy4;pointz4;doppler4;snr4;pointx5;pointy5;pointz5;doppler5;snr5;pointx6;pointy6;pointz6;doppler6;snr6;pointx7;pointy7;pointz7;doppler7;snr7;pointx8;pointy8;pointz8;doppler8;snr8;pointx9;pointy9;pointz9;doppler9;snr9;pointx10;pointy10;pointz10;doppler10;snr10;pointx11;pointy11;pointz11;doppler11;snr11,False,,True,missing columns
SITTING,replay_2025-09-18_14-47-34swap.csv,C:\Users\UBESC\AppData\Local\Temp\tmpxeo3aj3u\sitting\replay_2025-09-18_14-47-34swap.csv,1299,711,704,588,,0,4.8121632024634335,0,11,0.06329038621341813,65,tid;posx;posy;posz;velx;vely;velz;accx;accy;accz;pointx1;pointy1;pointz1;doppler1;snr1;pointx2;pointy2;pointz2;doppler2;snr2;pointx3;pointy3;pointz3;doppler3;snr3;pointx4;pointy4;pointz4;doppler4;snr4;pointx5;pointy5;pointz5;doppler5;snr5;pointx6;pointy6;pointz6;doppler6;snr6;pointx7;pointy7;pointz7;doppler7;snr7;pointx8;pointy8;pointz8;doppler8;snr8;pointx9;pointy9;pointz9;doppler9;snr9;pointx10;pointy10;pointz10;doppler10;snr10;pointx11;pointy11;pointz11;doppler11;snr11,False,,False,
SITTING,replay_2025-09-18_14-52-28_final.csv,C:\Users\UBESC\AppData\Local\Temp\tmpxeo3aj3u\sitting\replay_2025-09-18_14-52-28_final.csv,1640,939,932,701,velx;accx,0,4.987804878048781,0,11,0.08664897303266052,62,tid;posy;posz;vely;velz;accy;accz;pointx1;pointy1;pointz1;doppler1;snr1;pointx2;pointy2;pointz2;doppler2;snr2;pointx3;pointy3;pointz3;doppler3;snr3;pointx4;pointy4;pointz4;doppler4;snr4;pointx5;pointy5;pointz5;doppler5;snr5;pointx6;pointy6;pointz6;doppler6;snr6;pointx7;pointy7;pointz7;doppler7;snr7;pointx8;pointy8;pointz8;doppler8;snr8;pointx9;pointy9;pointz9;doppler9;snr9;pointx10;pointy10;pointz10;doppler10;snr10;pointx11;pointy11;pointz11;doppler11;snr11,False,,True,missing columns
SITTING,results_SAT_DYLAN_170501.csv,C:\Users\UBESC\AppData\Local\Temp\tmpxeo3aj3u\sitting\results_SAT_DYLAN_170501.csv,671,392,385,279,velx;accx,0,4.907600596125186,1,11,0.11230253353204174,158,Frame count;tid;posy;posz;vely;velz;accy;accz;pointy0;pointz0;snr0;pointy1;pointz1;snr1;pointy2;pointz2;snr2;pointy3;pointz3;snr3;pointy4;pointz4;snr4;pointy5;pointz5;snr5;pointy6;pointz6;snr6;pointy7;pointz7;snr7;pointy8;pointz8;snr8;pointy9;pointz9;snr9;pointy10;pointz10;snr10;pointy11;pointz11;snr11;pointy12;pointz12;snr12;pointy13;pointz13;snr13;pointy14;pointz14;snr14;pointy15;pointz15;snr15;pointy16;pointz16;snr16;pointy17;pointz17;snr17;pointy18;pointz18;snr18;pointy19;pointz19;snr19;pointy20;pointz20;snr20;pointy21;pointz21;snr21;pointy22;pointz22;snr22;pointy23;pointz23;snr23;pointy24;pointz24;snr24;pointy25;pointz25;snr25;pointy26;pointz26;snr26;pointy27;pointz27;snr27;pointy28;pointz28;snr28;pointy29;pointz29;snr29;pointy30;pointz30;snr30;pointy31;pointz31;snr31;pointy32;pointz32;snr32;pointy33;pointz33;snr33;pointy34;pointz34;snr34;pointy35;pointz35;snr35;pointy36;pointz36;snr36;pointy37;pointz37;snr37;pointy38;pointz38;snr38;pointy39;pointz39;snr39;pointy40;pointz40;snr40;pointy41;pointz41;snr41;pointy42;pointz42;snr42;pointy43;pointz43;snr43;pointy44;pointz44;snr44;pointy45;pointz45;snr45;pointy46;pointz46;snr46;pointy47;pointz47;snr47;pointy48;pointz48;snr48;pointy49;pointz49;snr49,False,,True,missing columns
SITTING,results_SAT_ED_160805.csv,C:\Users\UBESC\AppData\Local\Temp\tmpxeo3aj3u\sitting\results_SAT_ED_160805.csv,828,615,608,213,velx;accx,0,6.177536231884058,1,14,0.05871980676328502,158,Frame count;tid;posy;posz;vely;velz;accy;accz;pointy0;pointz0;snr0;pointy1;pointz1;snr1;pointy2;pointz2;snr2;pointy3;pointz3;snr3;pointy4;pointz4;snr4;pointy5;pointz5;snr5;pointy6;pointz6;snr6;pointy7;pointz7;snr7;pointy8;pointz8;snr8;pointy9;pointz9;snr9;pointy10;pointz10;snr10;pointy11;pointz11;snr11;pointy12;pointz12;snr12;pointy13;pointz13;snr13;pointy14;pointz14;snr14;pointy15;pointz15;snr15;pointy16;pointz16;snr16;pointy17;pointz17;snr17;pointy18;pointz18;snr18;pointy19;pointz19;snr19;pointy20;pointz20;snr20;pointy21;pointz21;snr21;pointy22;pointz22;snr22;pointy23;pointz23;snr23;pointy24;pointz24;snr24;pointy25;pointz25;snr25;pointy26;pointz26;snr26;pointy27;pointz27;snr27;pointy28;pointz28;snr28;pointy29;pointz29;snr29;pointy30;pointz30;snr30;pointy31;pointz31;snr31;pointy32;pointz32;snr32;pointy33;pointz33;snr33;pointy34;pointz34;snr34;pointy35;pointz35;snr35;pointy36;pointz36;snr36;pointy37;pointz37;snr37;pointy38;pointz38;snr38;pointy39;pointz39;snr39;pointy40;pointz40;snr40;pointy41;pointz41;snr41;pointy42;pointz42;snr42;pointy43;pointz43;snr43;pointy44;pointz44;snr44;pointy45;pointz45;snr45;pointy46;pointz46;snr46;pointy47;pointz47;snr47;pointy48;pointz48;snr48;pointy49;pointz49;snr49,False,,True,missing columns
SITTING,results_SAT_EDDIE_165532.csv,C:\Users\UBESC\AppData\Local\Temp\tmpxeo3aj3u\sitting\results_SAT_EDDIE_165532.csv,794,542,535,252,velx;accx,0,5.69647355163728,1,13,0.05037153652392947,158,Frame count;tid;posy;posz;vely;velz;accy;accz;pointy0;pointz0;snr0;pointy1;pointz1;snr1;pointy2;pointz2;snr2;pointy3;pointz3;snr3;pointy4;pointz4;snr4;pointy5;pointz5;snr5;pointy6;pointz6;snr6;pointy7;pointz7;snr7;pointy8;pointz8;snr8;pointy9;pointz9;snr9;pointy10;pointz10;snr10;pointy11;pointz11;snr11;pointy12;pointz12;snr12;pointy13;pointz13;snr13;pointy14;pointz14;snr14;pointy15;pointz15;snr15;pointy16;pointz16;snr16;pointy17;pointz17;snr17;pointy18;pointz18;snr18;pointy19;pointz19;snr19;pointy20;pointz20;snr20;pointy21;pointz21;snr21;pointy22;pointz22;snr22;pointy23;pointz23;snr23;pointy24;pointz24;snr24;pointy25;pointz25;snr25;pointy26;pointz26;snr26;pointy27;pointz27;snr27;pointy28;pointz28;snr28;pointy29;pointz29;snr29;pointy30;pointz30;snr30;pointy31;pointz31;snr31;pointy32;pointz32;snr32;pointy33;pointz33;snr33;pointy34;pointz34;snr34;pointy35;pointz35;snr35;pointy36;pointz36;snr36;pointy37;pointz37;snr37;pointy38;pointz38;snr38;pointy39;pointz39;snr39;pointy40;pointz40;snr40;pointy41;pointz41;snr41;pointy42;pointz42;snr42;pointy43;pointz43;snr43;pointy44;pointz44;snr44;pointy45;pointz45;snr45;pointy46;pointz46;snr46;pointy47;pointz47;snr47;pointy48;pointz48;snr48;pointy49;pointz49;snr49,False,,True,missing columns
SITTING,results_SAT_EMMANUEL_181059.csv,C:\Users\UBESC\AppData\Local\Temp\tmpxeo3aj3u\sitting\results_SAT_EMMANUEL_181059.csv,527,327,320,200,velx;accx,0,5.375711574952562,1,14,0.08080645161290323,158,Frame count;tid;posy;posz;vely;velz;accy;accz;pointy0;pointz0;snr0;pointy1;pointz1;snr1;pointy2;pointz2;snr2;pointy3;pointz3;snr3;pointy4;pointz4;snr4;pointy5;pointz5;snr5;pointy6;pointz6;snr6;pointy7;pointz7;snr7;pointy8;pointz8;snr8;pointy9;pointz9;snr9;pointy10;pointz10;snr10;pointy11;pointz11;snr11;pointy12;pointz12;snr12;pointy13;pointz13;snr13;pointy14;pointz14;snr14;pointy15;pointz15;snr15;pointy16;pointz16;snr16;pointy17;pointz17;snr17;pointy18;pointz18;snr18;pointy19;pointz19;snr19;pointy20;pointz20;snr20;pointy21;pointz21;snr21;pointy22;pointz22;snr22;pointy23;pointz23;snr23;pointy24;pointz24;snr24;pointy25;pointz25;snr25;pointy26;pointz26;snr26;pointy27;pointz27;snr27;pointy28;pointz28;snr28;pointy29;pointz29;snr29;pointy30;pointz30;snr30;pointy31;pointz31;snr31;pointy32;pointz32;snr32;pointy33;pointz33;snr33;pointy34;pointz34;snr34;pointy35;pointz35;snr35;pointy36;pointz36;snr36;pointy37;pointz37;snr37;pointy38;pointz38;snr38;pointy39;pointz39;snr39;pointy40;pointz40;snr40;pointy41;pointz41;snr41;pointy42;pointz42;snr42;pointy43;pointz43;snr43;pointy44;pointz44;snr44;pointy45;pointz45;snr45;pointy46;pointz46;snr46;pointy47;pointz47;snr47;pointy48;pointz48;snr48;pointy49;pointz49;snr49,False,,True,missing columns
SITTING,results_SAT_FAIK_165546.csv,C:\Users\UBESC\AppData\Local\Temp\tmpxeo3aj3u\sitting\results_SAT_FAIK_165546.csv,784,537,530,247,velx;accx,0,5.653061224489796,1,13,0.07839285714285714,158,Frame count;tid;posy;posz;vely;velz;accy;accz;pointy0;pointz0;snr0;pointy1;pointz1;snr1;pointy2;pointz2;snr2;pointy3;pointz3;snr3;pointy4;pointz4;snr4;pointy5;pointz5;snr5;pointy6;pointz6;snr6;pointy7;pointz7;snr7;pointy8;pointz8;snr8;pointy9;pointz9;snr9;pointy10;pointz10;snr10;pointy11;pointz11;snr11;pointy12;pointz12;snr12;pointy13;pointz13;snr13;pointy14;pointz14;snr14;pointy15;pointz15;snr15;pointy16;pointz16;snr16;pointy17;pointz17;snr17;pointy18;pointz18;snr18;pointy19;pointz19;snr19;pointy20;pointz20;snr20;pointy21;pointz21;snr21;pointy22;pointz22;snr22;pointy23;pointz23;snr23;pointy24;pointz24;snr24;pointy25;pointz25;snr25;pointy26;pointz26;snr26;pointy27;pointz27;snr27;pointy28;pointz28;snr28;pointy29;pointz29;snr29;pointy30;pointz30;snr30;pointy31;pointz31;snr31;pointy32;pointz32;snr32;pointy33;pointz33;snr33;pointy34;pointz34;snr34;pointy35;pointz35;snr35;pointy36;pointz36;snr36;pointy37;pointz37;snr37;pointy38;pointz38;snr38;pointy39;pointz39;snr39;pointy40;pointz40;snr40;pointy41;pointz41;snr41;pointy42;pointz42;snr42;pointy43;pointz43;snr43;pointy44;pointz44;snr44;pointy45;pointz45;snr45;pointy46;pointz46;snr46;pointy47;pointz47;snr47;pointy48;pointz48;snr48;pointy49;pointz49;snr49,False,,True,missing columns
LYING,replay_2025-08-22_13-32-11swap.csv,C:\Users\UBESC\AppData\Local\Temp\tmpxeo3aj3u\lying\replay_2025-08-22_13-32-11swap.csv,1728,360,353,1368,,0,2.8900462962962963,0,11,7508868531502430.0,65,tid;posx;posy;posz;velx;vely;velz;accx;accy;accz;pointx1;pointy1;pointz1;doppler1;snr1;pointx2;pointy2;pointz2;doppler2;snr2;pointx3;pointy3;pointz3;doppler3;snr3;pointx4;pointy4;pointz4;doppler4;snr4;pointx5;pointy5;pointz5;doppler5;snr5;pointx6;pointy6;pointz6;doppler6;snr6;pointx7;pointy7;pointz7;doppler7;snr7;pointx8;pointy8;pointz8;doppler8;snr8;pointx9;pointy9;pointz9;doppler9;snr9;pointx10;pointy10;pointz10;doppler10;snr10;pointx11;pointy11;pointz11;doppler11;snr11,False,,False,
LYING,results_LYING_DYLAN_170922.csv,C:\Users\UBESC\AppData\Local\Temp\tmpxeo3aj3u\lying\results_LYING_DYLAN_170922.csv,779,650,643,129,velx;accx,0,6.311938382541721,1,13,0.04403080872913992,158,Frame count;tid;posy;posz;vely;velz;accy;accz;pointy0;pointz0;snr0;pointy1;pointz1;snr1;pointy2;pointz2;snr2;pointy3;pointz3;snr3;pointy4;pointz4;snr4;pointy5;pointz5;snr5;pointy6;pointz6;snr6;pointy7;pointz7;snr7;pointy8;pointz8;snr8;pointy9;pointz9;snr9;pointy10;pointz10;snr10;pointy11;pointz11;snr11;pointy12;pointz12;snr12;pointy13;pointz13;snr13;pointy14;pointz14;snr14;pointy15;pointz15;snr15;pointy16;pointz16;snr16;pointy17;pointz17;snr17;pointy18;pointz18;snr18;pointy19;pointz19;snr19;pointy20;pointz20;snr20;pointy21;pointz21;snr21;pointy22;pointz22;snr22;pointy23;pointz23;snr23;pointy24;pointz24;snr24;pointy25;pointz25;snr25;pointy26;pointz26;snr26;pointy27;pointz27;snr27;pointy28;pointz28;snr28;pointy29;pointz29;snr29;pointy30;pointz30;snr30;pointy31;pointz31;snr31;pointy32;pointz32;snr32;pointy33;pointz33;snr33;pointy34;pointz34;snr34;pointy35;pointz35;snr35;pointy36;pointz36;snr36;pointy37;pointz37;snr37;pointy38;pointz38;snr38;pointy39;pointz39;snr39;pointy40;pointz40;snr40;pointy41;pointz41;snr41;pointy42;pointz42;snr42;pointy43;pointz43;snr43;pointy44;pointz44;snr44;pointy45;pointz45;snr45;pointy46;pointz46;snr46;pointy47;pointz47;snr47;pointy48;pointz48;snr48;pointy49;pointz49;snr49,False,,True,missing columns
LYING,results_LYING_ED_161122.csv,C:\Users\UBESC\AppData\Local\Temp\tmpxeo3aj3u\lying\results_LYING_ED_161122.csv,771,618,611,153,velx;accx,0,6.57976653696498,1,14,0.03614137483787289,158,Frame count;tid;posy;posz;vely;velz;accy;accz;pointy0;pointz0;snr0;pointy1;pointz1;snr1;pointy2;pointz2;snr2;pointy3;pointz3;snr3;pointy4;pointz4;snr4;pointy5;pointz5;snr5;pointy6;pointz6;snr6;pointy7;pointz7;snr7;pointy8;pointz8;snr8;pointy9;pointz9;snr9;pointy10;pointz10;snr10;pointy11;pointz11;snr11;pointy12;pointz12;snr12;pointy13;pointz13;snr13;pointy14;pointz14;snr14;pointy15;pointz15;snr15;pointy16;pointz16;snr16;pointy17;pointz17;snr17;pointy18;pointz18;snr18;pointy19;pointz19;snr19;pointy20;pointz20;snr20;pointy21;pointz21;snr21;pointy22;pointz22;snr22;pointy23;pointz23;snr23;pointy24;pointz24;snr24;pointy25;pointz25;snr25;pointy26;pointz26;snr26;pointy27;pointz27;snr27;pointy28;pointz28;snr28;pointy29;pointz29;snr29;pointy30;pointz30;snr30;pointy31;pointz31;snr31;pointy32;pointz32;snr32;pointy33;pointz33;snr33;pointy34;pointz34;snr34;pointy35;pointz35;snr35;pointy36;pointz36;snr36;pointy37;pointz37;snr37;pointy38;pointz38;snr38;pointy39;pointz39;snr39;pointy40;pointz40;snr40;pointy41;pointz41;snr41;pointy42;pointz42;snr42;pointy43;pointz43;snr43;pointy44;pointz44;snr44;pointy45;pointz45;snr45;pointy46;pointz46;snr46;pointy47;pointz47;snr47;pointy48;pointz48;snr48;pointy49;pointz49;snr49,False,,True,missing columns
LYING,results_LYING_EDDIE_174406.csv,C:\Users\UBESC\AppData\Local\Temp\tmpxeo3aj3u\lying\results_LYING_EDDIE_174406.csv,910,785,778,125,velx;accx,0,7.059340659340659,1,18,0.03478021978021978,158,Frame count;tid;posy;posz;vely;velz;accy;accz;pointy0;pointz0;snr0;pointy1;pointz1;snr1;pointy2;pointz2;snr2;pointy3;pointz3;snr3;pointy4;pointz4;snr4;pointy5;pointz5;snr5;pointy6;pointz6;snr6;pointy7;pointz7;snr7;pointy8;pointz8;snr8;pointy9;pointz9;snr9;pointy10;pointz10;snr10;pointy11;pointz11;snr11;pointy12;pointz12;snr12;pointy13;pointz13;snr13;pointy14;pointz14;snr14;pointy15;pointz15;snr15;pointy16;pointz16;snr16;pointy17;pointz17;snr17;pointy18;pointz18;snr18;pointy19;pointz19;snr19;pointy20;pointz20;snr20;pointy21;pointz21;snr21;pointy22;pointz22;snr22;pointy23;pointz23;snr23;pointy24;pointz24;snr24;pointy25;pointz25;snr25;pointy26;pointz26;snr26;pointy27;pointz27;snr27;pointy28;pointz28;snr28;pointy29;pointz29;snr29;pointy30;pointz30;snr30;pointy31;pointz31;snr31;pointy32;pointz32;snr32;pointy33;pointz33;snr33;pointy34;pointz34;snr34;pointy35;pointz35;snr35;pointy36;pointz36;snr36;pointy37;pointz37;snr37;pointy38;pointz38;snr38;pointy39;pointz39;snr39;pointy40;pointz40;snr40;pointy41;pointz41;snr41;pointy42;pointz42;snr42;pointy43;pointz43;snr43;pointy44;pointz44;snr44;pointy45;pointz45;snr45;pointy46;pointz46;snr46;pointy47;pointz47;snr47;pointy48;pointz48;snr48;pointy49;pointz49;snr49,False,,True,missing columns
LYING,results_LYING_EMMANUEL_181604.csv,C:\Users\UBESC\AppData\Local\Temp\tmpxeo3aj3u\lying\results_LYING_EMMANUEL_181604.csv,511,258,251,253,velx;accx,0,5.02348336594912,1,13,0.02833659491193738,158,Frame count;tid;posy;posz;vely;velz;accy;accz;pointy0;pointz0;snr0;pointy1;pointz1;snr1;pointy2;pointz2;snr2;pointy3;pointz3;snr3;pointy4;pointz4;snr4;pointy5;pointz5;snr5;pointy6;pointz6;snr6;pointy7;pointz7;snr7;pointy8;pointz8;snr8;pointy9;pointz9;snr9;pointy10;pointz10;snr10;pointy11;pointz11;snr11;pointy12;pointz12;snr12;pointy13;pointz13;snr13;pointy14;pointz14;snr14;pointy15;pointz15;snr15;pointy16;pointz16;snr16;pointy17;pointz17;snr17;pointy18;pointz18;snr18;pointy19;pointz19;snr19;pointy20;pointz20;snr20;pointy21;pointz21;snr21;pointy22;pointz22;snr22;pointy23;pointz23;snr23;pointy24;pointz24;snr24;pointy25;pointz25;snr25;pointy26;pointz26;snr26;pointy27;pointz27;snr27;pointy28;pointz28;snr28;pointy29;pointz29;snr29;pointy30;pointz30;snr30;pointy31;pointz31;snr31;pointy32;pointz32;snr32;pointy33;pointz33;snr33;pointy34;pointz34;snr34;pointy35;pointz35;snr35;pointy36;pointz36;snr36;pointy37;pointz37;snr37;pointy38;pointz38;snr38;pointy39;pointz39;snr39;pointy40;pointz40;snr40;pointy41;pointz41;snr41;pointy42;pointz42;snr42;pointy43;pointz43;snr43;pointy44;pointz44;snr44;pointy45;pointz45;snr45;pointy46;pointz46;snr46;pointy47;pointz47;snr47;pointy48;pointz48;snr48;pointy49;pointz49;snr49,False,,True,missing columns
LYING,results_LYING_FAIK_165207.csv,C:\Users\UBESC\AppData\Local\Temp\tmpxeo3aj3u\lying\results_LYING_FAIK_165207.csv,766,601,594,165,velx;accx,0,6.409921671018277,1,13,0.05178851174934726,158,Frame count;tid;posy;posz;vely;velz;accy;accz;pointy0;pointz0;snr0;pointy1;pointz1;snr1;pointy2;pointz2;snr2;pointy3;pointz3;snr3;pointy4;pointz4;snr4;pointy5;pointz5;snr5;pointy6;pointz6;snr6;pointy7;pointz7;snr7;pointy8;pointz8;snr8;pointy9;pointz9;snr9;pointy10;pointz10;snr10;pointy11;pointz11;snr11;pointy12;pointz12;snr12;pointy13;pointz13;snr13;pointy14;pointz14;snr14;pointy15;pointz15;snr15;pointy16;pointz16;snr16;pointy17;pointz17;snr17;pointy18;pointz18;snr18;pointy19;pointz19;snr19;pointy20;pointz20;snr20;pointy21;pointz21;snr21;pointy22;pointz22;snr22;pointy23;pointz23;snr23;pointy24;pointz24;snr24;pointy25;pointz25;snr25;pointy26;pointz26;snr26;pointy27;pointz27;snr27;pointy28;pointz28;snr28;pointy29;pointz29;snr29;pointy30;pointz30;snr30;pointy31;pointz31;snr31;pointy32;pointz32;snr32;pointy33;pointz33;snr33;pointy34;pointz34;snr34;pointy35;pointz35;snr35;pointy36;pointz36;snr36;pointy37;pointz37;snr37;pointy38;pointz38;snr38;pointy39;pointz39;snr39;pointy40;pointz40;snr40;pointy41;pointz41;snr41;pointy42;pointz42;snr42;pointy43;pointz43;snr43;pointy44;pointz44;snr44;pointy45;pointz45;snr45;pointy46;pointz46;snr46;pointy47;pointz47;snr47;pointy48;pointz48;snr48;pointy49;pointz49;snr49,False,,True,missing columns
FALLING,replay_2025-08-06_13-11-18.csv,C:\Users\UBESC\AppData\Local\Temp\tmpxeo3aj3u\falling\replay_2025-08-06_13-11-18.csv,68,66,59,2,,0,9.338235294117647,1,14,0.4876237796182765,80,tid;posx;posy;posz;velx;vely;velz;accx;accy;accz;pointx1;pointy1;pointz1;doppler1;snr1;pointx2;pointy2;pointz2;doppler2;snr2;pointx3;pointy3;pointz3;doppler3;snr3;pointx4;pointy4;pointz4;doppler4;snr4;pointx5;pointy5;pointz5;doppler5;snr5;pointx6;pointy6;pointz6;doppler6;snr6;pointx7;pointy7;pointz7;doppler7;snr7;pointx8;pointy8;pointz8;doppler8;snr8;pointx9;pointy9;pointz9;doppler9;snr9;pointx10;pointy10;pointz10;doppler10;snr10;pointx11;pointy11;pointz11;doppler11;snr11;pointx12;pointy12;pointz12;doppler12;snr12;pointx13;pointy13;pointz13;doppler13;snr13;pointx14;pointy14;pointz14;doppler14;snr14,False,,False,
FALLING,replay_2025-08-06_13-15-29.csv,C:\Users\UBESC\AppData\Local\Temp\tmpxeo3aj3u\falling\replay_2025-08-06_13-15-29.csv,82,79,72,3,,0,8.829268292682928,2,13,0.47817542794715107,75,tid;posx;posy;posz;velx;vely;velz;accx;accy;accz;pointx1;pointy1;pointz1;doppler1;snr1;pointx2;pointy2;pointz2;doppler2;snr2;pointx3;pointy3;pointz3;doppler3;snr3;pointx4;pointy4;pointz4;doppler4;snr4;pointx5;pointy5;pointz5;doppler5;snr5;pointx6;pointy6;pointz6;doppler6;snr6;pointx7;pointy7;pointz7;doppler7;snr7;pointx8;pointy8;pointz8;doppler8;snr8;pointx9;pointy9;pointz9;doppler9;snr9;pointx10;pointy10;pointz10;doppler10;snr10;pointx11;pointy11;pointz11;doppler11;snr11;pointx12;pointy12;pointz12;doppler12;snr12;pointx13;pointy13;pointz13;doppler13;snr13,False,,False,
FALLING,replay_2025-08-06_13-18-48.csv,C:\Users\UBESC\AppData\Local\Temp\tmpxeo3aj3u\falling\replay_2025-08-06_13-18-48.csv,118,117,110,1,,0,9.313559322033898,2,15,0.49035758846022326,85,tid;posx;posy;posz;velx;vely;velz;accx;accy;accz;pointx1;pointy1;pointz1;doppler1;snr1;pointx2;pointy2;pointz2;doppler2;snr2;pointx3;pointy3;pointz3;doppler3;snr3;pointx4;pointy4;pointz4;doppler4;snr4;pointx5;pointy5;pointz5;doppler5;snr5;pointx6;pointy6;pointz6;doppler6;snr6;pointx7;pointy7;pointz7;doppler7;snr7;pointx8;pointy8;pointz8;doppler8;snr8;pointx9;pointy9;pointz9;doppler9;snr9;pointx10;pointy10;pointz10;doppler10;snr10;pointx11;pointy11;pointz11;doppler11;snr11;pointx12;pointy12;pointz12;doppler12;snr12;pointx13;pointy13;pointz13;doppler13;snr13;pointx14;pointy14;pointz14;doppler14;snr14;pointx15;pointy15;pointz15;doppler15;snr15,False,,False,
FALLING,replay_2025-08-06_13-26-09.csv,C:\Users\UBESC\AppData\Local\Temp\tmpxeo3aj3u\falling\replay_2025-08-06_13-26-09.csv,111,109,102,2,,0,8.82882882882883,4,16,0.4836420467316733,90,tid;posx;posy;posz;velx;vely;velz;accx;accy;accz;pointx1;pointy1;pointz1;doppler1;snr1;pointx2;pointy2;pointz2;doppler2;snr2;pointx3;pointy3;pointz3;doppler3;snr3;pointx4;pointy4;pointz4;doppler4;snr4;pointx5;pointy5;pointz5;doppler5;snr5;pointx6;pointy6;pointz6;doppler6;snr6;pointx7;pointy7;pointz7;doppler7;snr7;pointx8;pointy8;pointz8;doppler8;snr8;pointx9;pointy9;pointz9;doppler9;snr9;pointx10;pointy10;pointz10;doppler10;snr10;pointx11;pointy11;pointz11;doppler11;snr11;pointx12;pointy12;pointz12;doppler12;snr12;pointx13;pointy13;pointz13;doppler13;snr13;pointx14;pointy14;pointz14;doppler14;snr14;pointx15;pointy15;pointz15;doppler15;snr15;pointx16;pointy16;pointz16;doppler16;snr16,False,,False,
FALLING,replay_2025-08-06_13-35-26.csv,C:\Users\UBESC\AppData\Local\Temp\tmpxeo3aj3u\falling\replay_2025-08-06_13-35-26.csv,184,180,173,4,,0,9.16304347826087,2,17,0.4576473337520402,95,tid;posx;posy;posz;velx;vely;velz;accx;accy;accz;pointx1;pointy1;pointz1;doppler1;snr1;pointx2;pointy2;pointz2;doppler2;snr2;pointx3;pointy3;pointz3;doppler3;snr3;pointx4;pointy4;pointz4;doppler4;snr4;pointx5;pointy5;pointz5;doppler5;snr5;pointx6;pointy6;pointz6;doppler6;snr6;pointx7;pointy7;pointz7;doppler7;snr7;pointx8;pointy8;pointz8;doppler8;snr8;pointx9;pointy9;pointz9;doppler9;snr9;pointx10;pointy10;pointz10;doppler10;snr10;pointx11;pointy11;pointz11;doppler11;snr11;pointx12;pointy12;pointz12;doppler12;snr12;pointx13;pointy13;pointz13;doppler13;snr13;pointx14;pointy14;pointz14;doppler14;snr14;pointx15;pointy15;pointz15;doppler15;snr15;pointx16;pointy16;pointz16;doppler16;snr16;pointx17;pointy17;pointz17;doppler17;snr17,False,,False,
FALLING,replay_2025-08-06_13-48-34.csv,C:\Users\UBESC\AppData\Local\Temp\tmpxeo3aj3u\falling\replay_2025-08-06_13-48-34.csv,182,172,165,10,,0,8.406593406593407,2,15,0.575771083566576,85,tid;posx;posy;posz;velx;vely;velz;accx;accy;accz;pointx1;pointy1;pointz1;doppler1;snr1;pointx2;pointy2;pointz2;doppler2;snr2;pointx3;pointy3;pointz3;doppler3;snr3;pointx4;pointy4;pointz4;doppler4;snr4;pointx5;pointy5;pointz5;doppler5;snr5;pointx6;pointy6;pointz6;doppler6;snr6;pointx7;pointy7;pointz7;doppler7;snr7;pointx8;pointy8;pointz8;doppler8;snr8;pointx9;pointy9;pointz9;doppler9;snr9;pointx10;pointy10;pointz10;doppler10;snr10;pointx11;pointy11;pointz11;doppler11;snr11;pointx12;pointy12;pointz12;doppler12;snr12;pointx13;pointy13;pointz13;doppler13;snr13;pointx14;pointy14;pointz14;doppler14;snr14;pointx15;pointy15;pointz15;doppler15;snr15,False,,False,
FALLING,replay_2025-08-06_13-52-50.csv,C:\Users\UBESC\AppData\Local\Temp\tmpxeo3aj3u\falling\replay_2025-08-06_13-52-50.csv,330,313,306,17,,0,8.73030303030303,2,17,0.48404248257833504,95,tid;posx;posy;posz;velx;vely;velz;accx;accy;accz;pointx1;pointy1;pointz1;doppler1;snr1;pointx2;pointy2;pointz2;doppler2;snr2;pointx3;pointy3;pointz3;doppler3;snr3;pointx4;pointy4;pointz4;doppler4;snr4;pointx5;pointy5;pointz5;doppler5;snr5;pointx6;pointy6;pointz6;doppler6;snr6;pointx7;pointy7;pointz7;doppler7;snr7;pointx8;pointy8;pointz8;doppler8;snr8;pointx9;pointy9;pointz9;doppler9;snr9;pointx10;pointy10;pointz10;doppler10;snr10;pointx11;pointy11;pointz11;doppler11;snr11;pointx12;pointy12;pointz12;doppler12;snr12;pointx13;pointy13;pointz13;doppler13;snr13;pointx14;pointy14;pointz14;doppler14;snr14;pointx15;pointy15;pointz15;doppler15;snr15;pointx16;pointy16;pointz16;doppler16;snr16;pointx17;pointy17;pointz17;doppler17;snr17,False,,False,
FALLING,replay_2025-08-06_14-08-54.csv,C:\Users\UBESC\AppData\Local\Temp\tmpxeo3aj3u\falling\replay_2025-08-06_14-08-54.csv,97,91,84,6,posy;posz;velx;vely;velz;accx;accy;accz,0,8.0,4,12,0.0,78,frameData;frameData_error;frameData_frameNum;frameData_numDetectedPoints;frameData_numDetectedTracks;frameData_trackIndexes;stamp_button_pressed;timestamp;tid;posX;posY;posZ;velX;velY;velZ;accX;accY;accZ;pointx1;pointy1;pointz1;doppler1;snr1;pointx2;pointy2;pointz2;doppler2;snr2;pointx3;pointy3;pointz3;doppler3;snr3;pointx4;pointy4;pointz4;doppler4;snr4;pointx5;pointy5;pointz5;doppler5;snr5;pointx6;pointy6;pointz6;doppler6;snr6;pointx7;pointy7;pointz7;doppler7;snr7;pointx8;pointy8;pointz8;doppler8;snr8;pointx9;pointy9;pointz9;doppler9;snr9;pointx10;pointy10;pointz10;doppler10;snr10;pointx11;pointy11;pointz11;doppler11;snr11;pointx12;pointy12;pointz12;doppler12;snr12,False,,True,missing columns; missing_or_invalid_posz_stats; walking/falling recording has almost no motion
FALLING,replay_2025-08-06_14-11-54.csv,C:\Users\UBESC\AppData\Local\Temp\tmpxeo3aj3u\falling\replay_2025-08-06_14-11-54.csv,118,114,107,4,,0,8.389830508474576,2,14,0.5513419098571404,80,tid;posx;posy;posz;velx;vely;velz;accx;accy;accz;pointx1;pointy1;pointz1;doppler1;snr1;pointx2;pointy2;pointz2;doppler2;snr2;pointx3;pointy3;pointz3;doppler3;snr3;pointx4;pointy4;pointz4;doppler4;snr4;pointx5;pointy5;pointz5;doppler5;snr5;pointx6;pointy6;pointz6;doppler6;snr6;pointx7;pointy7;pointz7;doppler7;snr7;pointx8;pointy8;pointz8;doppler8;snr8;pointx9;pointy9;pointz9;doppler9;snr9;pointx10;pointy10;pointz10;doppler10;snr10;pointx11;pointy11;pointz11;doppler11;snr11;pointx12;pointy12;pointz12;doppler12;snr12;pointx13;pointy13;pointz13;doppler13;snr13;pointx14;pointy14;pointz14;doppler14;snr14,False,,False,
FALLING,replay_2025-08-06_14-14-05.csv,C:\Users\UBESC\AppData\Local\Temp\tmpxeo3aj3u\falling\replay_2025-08-06_14-14-05.csv,198,191,184,7,,0,8.207070707070708,2,16,0.6105807055212947,90,tid;posx;posy;posz;velx;vely;velz;accx;accy;accz;pointx1;pointy1;pointz1;doppler1;snr1;pointx2;pointy2;pointz2;doppler2;snr2;pointx3;pointy3;pointz3;doppler3;snr3;pointx4;pointy4;pointz4;doppler4;snr4;pointx5;pointy5;pointz5;doppler5;snr5;pointx6;pointy6;pointz6;doppler6;snr6;pointx7;pointy7;pointz7;doppler7;snr7;pointx8;pointy8;pointz8;doppler8;snr8;pointx9;pointy9;pointz9;doppler9;snr9;pointx10;pointy10;pointz10;doppler10;snr10;pointx11;pointy11;pointz11;doppler11;snr11;pointx12;pointy12;pointz12;doppler12;snr12;pointx13;pointy13;pointz13;doppler13;snr13;pointx14;pointy14;pointz14;doppler14;snr14;pointx15;pointy15;pointz15;doppler15;snr15;pointx16;pointy16;pointz16;doppler16;snr16,False,,False,
FALLING,replay_2025-08-06_14-17-57.csv,C:\Users\UBESC\AppData\Local\Temp\tmpxeo3aj3u\falling\replay_2025-08-06_14-17-57.csv,148,138,131,10,,0,7.918918918918919,0,14,0.6103526814391368,80,tid;posx;posy;posz;velx;vely;velz;accx;accy;accz;pointx1;pointy1;pointz1;doppler1;snr1;pointx2;pointy2;pointz2;doppler2;snr2;pointx3;pointy3;pointz3;doppler3;snr3;pointx4;pointy4;pointz4;doppler4;snr4;pointx5;pointy5;pointz5;doppler5;snr5;pointx6;pointy6;pointz6;doppler6;snr6;pointx7;pointy7;pointz7;doppler7;snr7;pointx8;pointy8;pointz8;doppler8;snr8;pointx9;pointy9;pointz9;doppler9;snr9;pointx10;pointy10;pointz10;doppler10;snr10;pointx11;pointy11;pointz11;doppler11;snr11;pointx12;pointy12;pointz12;doppler12;snr12;pointx13;pointy13;pointz13;doppler13;snr13;pointx14;pointy14;pointz14;doppler14;snr14,False,,False,
FALLING,replay_2025-08-06_14-22-35.csv,C:\Users\UBESC\AppData\Local\Temp\tmpxeo3aj3u\falling\replay_2025-08-06_14-22-35.csv,207,195,188,12,,0,7.830917874396135,2,14,0.5325402648495202,80,tid;posx;posy;posz;velx;vely;velz;accx;accy;accz;pointx1;pointy1;pointz1;doppler1;snr1;pointx2;pointy2;pointz2;doppler2;snr2;pointx3;pointy3;pointz3;doppler3;snr3;pointx4;pointy4;pointz4;doppler4;snr4;pointx5;pointy5;pointz5;doppler5;snr5;pointx6;pointy6;pointz6;doppler6;snr6;pointx7;pointy7;pointz7;doppler7;snr7;pointx8;pointy8;pointz8;doppler8;snr8;pointx9;pointy9;pointz9;doppler9;snr9;pointx10;pointy10;pointz10;doppler10;snr10;pointx11;pointy11;pointz11;doppler11;snr11;pointx12;pointy12;pointz12;doppler12;snr12;pointx13;pointy13;pointz13;doppler13;snr13;pointx14;pointy14;pointz14;doppler14;snr14,False,,False,
FALLING,replay_2025-08-06_14-28-35.csv,C:\Users\UBESC\AppData\Local\Temp\tmpxeo3aj3u\falling\replay_2025-08-06_14-28-35.csv,12,12,5,0,,0,7.5,5,10,0.790967045765784,60,tid;posx;posy;posz;velx;vely;velz;accx;accy;accz;pointx1;pointy1;pointz1;doppler1;snr1;pointx2;pointy2;pointz2;doppler2;snr2;pointx3;pointy3;pointz3;doppler3;snr3;pointx4;pointy4;pointz4;doppler4;snr4;pointx5;pointy5;pointz5;doppler5;snr5;pointx6;pointy6;pointz6;doppler6;snr6;pointx7;pointy7;pointz7;doppler7;snr7;pointx8;pointy8;pointz8;doppler8;snr8;pointx9;pointy9;pointz9;doppler9;snr9;pointx10;pointy10;pointz10;doppler10;snr10,False,,True,very few usable windows
FALLING,replay_2025-08-06_14-34-27.csv,C:\Users\UBESC\AppData\Local\Temp\tmpxeo3aj3u\falling\replay_2025-08-06_14-34-27.csv,227,219,212,8,,0,8.497797356828194,4,15,0.533369582624173,85,tid;posx;posy;posz;velx;vely;velz;accx;accy;accz;pointx1;pointy1;pointz1;doppler1;snr1;pointx2;pointy2;pointz2;doppler2;snr2;pointx3;pointy3;pointz3;doppler3;snr3;pointx4;pointy4;pointz4;doppler4;snr4;pointx5;pointy5;pointz5;doppler5;snr5;pointx6;pointy6;pointz6;doppler6;snr6;pointx7;pointy7;pointz7;doppler7;snr7;pointx8;pointy8;pointz8;doppler8;snr8;pointx9;pointy9;pointz9;doppler9;snr9;pointx10;pointy10;pointz10;doppler10;snr10;pointx11;pointy11;pointz11;doppler11;snr11;pointx12;pointy12;pointz12;doppler12;snr12;pointx13;pointy13;pointz13;doppler13;snr13;pointx14;pointy14;pointz14;doppler14;snr14;pointx15;pointy15;pointz15;doppler15;snr15,False,,False,
FALLING,replay_2025-08-06_14-41-11.csv,C:\Users\UBESC\AppData\Local\Temp\tmpxeo3aj3u\falling\replay_2025-08-06_14-41-11.csv,115,110,103,5,,0,8.339130434782609,4,15,0.550770570989341,85,tid;posx;posy;posz;velx;vely;velz;accx;accy;accz;pointx1;pointy1;pointz1;doppler1;snr1;pointx2;pointy2;pointz2;doppler2;snr2;pointx3;pointy3;pointz3;doppler3;snr3;pointx4;pointy4;pointz4;doppler4;snr4;pointx5;pointy5;pointz5;doppler5;snr5;pointx6;pointy6;pointz6;doppler6;snr6;pointx7;pointy7;pointz7;doppler7;snr7;pointx8;pointy8;pointz8;doppler8;snr8;pointx9;pointy9;pointz9;doppler9;snr9;pointx10;pointy10;pointz10;doppler10;snr10;pointx11;pointy11;pointz11;doppler11;snr11;pointx12;pointy12;pointz12;doppler12;snr12;pointx13;pointy13;pointz13;doppler13;snr13;pointx14;pointy14;pointz14;doppler14;snr14;pointx15;pointy15;pointz15;doppler15;snr15,False,,False,
FALLING,replay_2025-08-06_14-45-09.csv,C:\Users\UBESC\AppData\Local\Temp\tmpxeo3aj3u\falling\replay_2025-08-06_14-45-09.csv,43,42,35,1,,0,8.627906976744185,0,16,0.5686962780270676,90,tid;posx;posy;posz;velx;vely;velz;accx;accy;accz;pointx1;pointy1;pointz1;doppler1;snr1;pointx2;pointy2;pointz2;doppler2;snr2;pointx3;pointy3;pointz3;doppler3;snr3;pointx4;pointy4;pointz4;doppler4;snr4;pointx5;pointy5;pointz5;doppler5;snr5;pointx6;pointy6;pointz6;doppler6;snr6;pointx7;pointy7;pointz7;doppler7;snr7;pointx8;pointy8;pointz8;doppler8;snr8;pointx9;pointy9;pointz9;doppler9;snr9;pointx10;pointy10;pointz10;doppler10;snr10;pointx11;pointy11;pointz11;doppler11;snr11;pointx12;pointy12;pointz12;doppler12;snr12;pointx13;pointy13;pointz13;doppler13;snr13;pointx14;pointy14;pointz14;doppler14;snr14;pointx15;pointy15;pointz15;doppler15;snr15;pointx16;pointy16;pointz16;doppler16;snr16,False,,False,
FALLING,replay_2025-08-06_15-11-52.csv,C:\Users\UBESC\AppData\Local\Temp\tmpxeo3aj3u\falling\replay_2025-08-06_15-11-52.csv,163,158,151,5,,0,8.588957055214724,3,14,0.615810837670304,80,tid;posx;posy;posz;velx;vely;velz;accx;accy;accz;pointx1;pointy1;pointz1;doppler1;snr1;pointx2;pointy2;pointz2;doppler2;snr2;pointx3;pointy3;pointz3;doppler3;snr3;pointx4;pointy4;pointz4;doppler4;snr4;pointx5;pointy5;pointz5;doppler5;snr5;pointx6;pointy6;pointz6;doppler6;snr6;pointx7;pointy7;pointz7;doppler7;snr7;pointx8;pointy8;pointz8;doppler8;snr8;pointx9;pointy9;pointz9;doppler9;snr9;pointx10;pointy10;pointz10;doppler10;snr10;pointx11;pointy11;pointz11;doppler11;snr11;pointx12;pointy12;pointz12;doppler12;snr12;pointx13;pointy13;pointz13;doppler13;snr13;pointx14;pointy14;pointz14;doppler14;snr14,False,,False,
FALLING,replay_2025-08-06_15-16-06.csv,C:\Users\UBESC\AppData\Local\Temp\tmpxeo3aj3u\falling\replay_2025-08-06_15-16-06.csv,107,103,96,4,,0,8.457943925233645,3,15,0.4879722583704055,85,tid;posx;posy;posz;velx;vely;velz;accx;accy;accz;pointx1;pointy1;pointz1;doppler1;snr1;pointx2;pointy2;pointz2;doppler2;snr2;pointx3;pointy3;pointz3;doppler3;snr3;pointx4;pointy4;pointz4;doppler4;snr4;pointx5;pointy5;pointz5;doppler5;snr5;pointx6;pointy6;pointz6;doppler6;snr6;pointx7;pointy7;pointz7;doppler7;snr7;pointx8;pointy8;pointz8;doppler8;snr8;pointx9;pointy9;pointz9;doppler9;snr9;pointx10;pointy10;pointz10;doppler10;snr10;pointx11;pointy11;pointz11;doppler11;snr11;pointx12;pointy12;pointz12;doppler12;snr12;pointx13;pointy13;pointz13;doppler13;snr13;pointx14;pointy14;pointz14;doppler14;snr14;pointx15;pointy15;pointz15;doppler15;snr15,False,,False,
FALLING,results_falling_DYLAN_171228.csv,C:\Users\UBESC\AppData\Local\Temp\tmpxeo3aj3u\falling\results_falling_DYLAN_171228.csv,230,222,215,8,velx;accx,0,10.617391304347827,2,19,0.5256739130434782,68,Session_ID;Recording_Number;Sequence_Number;Frame_count;tid;posy;posz;vely;velz;accy;accz;pointy0;pointz0;snr0;pointy1;pointz1;snr1;pointy2;pointz2;snr2;pointy3;pointz3;snr3;pointy4;pointz4;snr4;pointy5;pointz5;snr5;pointy6;pointz6;snr6;pointy7;pointz7;snr7;pointy8;pointz8;snr8;pointy9;pointz9;snr9;pointy10;pointz10;snr10;pointy11;pointz11;snr11;pointy12;pointz12;snr12;pointy13;pointz13;snr13;pointy14;pointz14;snr14;pointy15;pointz15;snr15;pointy16;pointz16;snr16;pointy17;pointz17;snr17;pointy18;pointz18;snr18,False,,True,missing columns
FALLING,results_falling_ED_162153.csv,C:\Users\UBESC\AppData\Local\Temp\tmpxeo3aj3u\falling\results_falling_ED_162153.csv,26,25,18,1,velx;accx,0,13.76923076923077,4,23,0.5861538461538461,161,Session_ID;Recording_Number;Sequence_Number;Frame_count;tid;posy;posz;vely;velz;accy;accz;pointy0;pointz0;snr0;pointy1;pointz1;snr1;pointy2;pointz2;snr2;pointy3;pointz3;snr3;pointy4;pointz4;snr4;pointy5;pointz5;snr5;pointy6;pointz6;snr6;pointy7;pointz7;snr7;pointy8;pointz8;snr8;pointy9;pointz9;snr9;pointy10;pointz10;snr10;pointy11;pointz11;snr11;pointy12;pointz12;snr12;pointy13;pointz13;snr13;pointy14;pointz14;snr14;pointy15;pointz15;snr15;pointy16;pointz16;snr16;pointy17;pointz17;snr17;pointy18;pointz18;snr18;pointy19;pointz19;snr19;pointy20;pointz20;snr20;pointy21;pointz21;snr21;pointy22;pointz22;snr22;pointy23;pointz23;snr23;pointy24;pointz24;snr24;pointy25;pointz25;snr25;pointy26;pointz26;snr26;pointy27;pointz27;snr27;pointy28;pointz28;snr28;pointy29;pointz29;snr29;pointy30;pointz30;snr30;pointy31;pointz31;snr31;pointy32;pointz32;snr32;pointy33;pointz33;snr33;pointy34;pointz34;snr34;pointy35;pointz35;snr35;pointy36;pointz36;snr36;pointy37;pointz37;snr37;pointy38;pointz38;snr38;pointy39;pointz39;snr39;pointy40;pointz40;snr40;pointy41;pointz41;snr41;pointy42;pointz42;snr42;pointy43;pointz43;snr43;pointy44;pointz44;snr44;pointy45;pointz45;snr45;pointy46;pointz46;snr46;pointy47;pointz47;snr47;pointy48;pointz48;snr48;pointy49;pointz49;snr49,False,,True,very few usable windows; missing columns
FALLING,results_falling_ED_162913.csv,C:\Users\UBESC\AppData\Local\Temp\tmpxeo3aj3u\falling\results_falling_ED_162913.csv,197,193,186,4,velx;accx,0,13.34010152284264,1,22,0.5286548223350254,161,Session_ID;Recording_Number;Sequence_Number;Frame_count;tid;posy;posz;vely;velz;accy;accz;pointy0;pointz0;snr0;pointy1;pointz1;snr1;pointy2;pointz2;snr2;pointy3;pointz3;snr3;pointy4;pointz4;snr4;pointy5;pointz5;snr5;pointy6;pointz6;snr6;pointy7;pointz7;snr7;pointy8;pointz8;snr8;pointy9;pointz9;snr9;pointy10;pointz10;snr10;pointy11;pointz11;snr11;pointy12;pointz12;snr12;pointy13;pointz13;snr13;pointy14;pointz14;snr14;pointy15;pointz15;snr15;pointy16;pointz16;snr16;pointy17;pointz17;snr17;pointy18;pointz18;snr18;pointy19;pointz19;snr19;pointy20;pointz20;snr20;pointy21;pointz21;snr21;pointy22;pointz22;snr22;pointy23;pointz23;snr23;pointy24;pointz24;snr24;pointy25;pointz25;snr25;pointy26;pointz26;snr26;pointy27;pointz27;snr27;pointy28;pointz28;snr28;pointy29;pointz29;snr29;pointy30;pointz30;snr30;pointy31;pointz31;snr31;pointy32;pointz32;snr32;pointy33;pointz33;snr33;pointy34;pointz34;snr34;pointy35;pointz35;snr35;pointy36;pointz36;snr36;pointy37;pointz37;snr37;pointy38;pointz38;snr38;pointy39;pointz39;snr39;pointy40;pointz40;snr40;pointy41;pointz41;snr41;pointy42;pointz42;snr42;pointy43;pointz43;snr43;pointy44;pointz44;snr44;pointy45;pointz45;snr45;pointy46;pointz46;snr46;pointy47;pointz47;snr47;pointy48;pointz48;snr48;pointy49;pointz49;snr49,False,,True,missing columns
FALLING,results_falling_EDDIE_172849.csv,C:\Users\UBESC\AppData\Local\Temp\tmpxeo3aj3u\falling\results_falling_EDDIE_172849.csv,218,198,191,20,velx;accx,0,10.697247706422019,1,21,0.6119266055045872,161,Session_ID;Recording_Number;Sequence_Number;Frame_count;tid;posy;posz;vely;velz;accy;accz;pointy0;pointz0;snr0;pointy1;pointz1;snr1;pointy2;pointz2;snr2;pointy3;pointz3;snr3;pointy4;pointz4;snr4;pointy5;pointz5;snr5;pointy6;pointz6;snr6;pointy7;pointz7;snr7;pointy8;pointz8;snr8;pointy9;pointz9;snr9;pointy10;pointz10;snr10;pointy11;pointz11;snr11;pointy12;pointz12;snr12;pointy13;pointz13;snr13;pointy14;pointz14;snr14;pointy15;pointz15;snr15;pointy16;pointz16;snr16;pointy17;pointz17;snr17;pointy18;pointz18;snr18;pointy19;pointz19;snr19;pointy20;pointz20;snr20;pointy21;pointz21;snr21;pointy22;pointz22;snr22;pointy23;pointz23;snr23;pointy24;pointz24;snr24;pointy25;pointz25;snr25;pointy26;pointz26;snr26;pointy27;pointz27;snr27;pointy28;pointz28;snr28;pointy29;pointz29;snr29;pointy30;pointz30;snr30;pointy31;pointz31;snr31;pointy32;pointz32;snr32;pointy33;pointz33;snr33;pointy34;pointz34;snr34;pointy35;pointz35;snr35;pointy36;pointz36;snr36;pointy37;pointz37;snr37;pointy38;pointz38;snr38;pointy39;pointz39;snr39;pointy40;pointz40;snr40;pointy41;pointz41;snr41;pointy42;pointz42;snr42;pointy43;pointz43;snr43;pointy44;pointz44;snr44;pointy45;pointz45;snr45;pointy46;pointz46;snr46;pointy47;pointz47;snr47;pointy48;pointz48;snr48;pointy49;pointz49;snr49,False,,True,missing columns
FALLING,results_falling_EMMANUEL175434.csv,C:\Users\UBESC\AppData\Local\Temp\tmpxeo3aj3u\falling\results_falling_EMMANUEL175434.csv,204,189,182,15,velx;accx,0,11.504901960784315,1,23,0.673186274509804,161,Session_ID;Recording_Number;Sequence_Number;Frame_count;tid;posy;posz;vely;velz;accy;accz;pointy0;pointz0;snr0;pointy1;pointz1;snr1;pointy2;pointz2;snr2;pointy3;pointz3;snr3;pointy4;pointz4;snr4;pointy5;pointz5;snr5;pointy6;pointz6;snr6;pointy7;pointz7;snr7;pointy8;pointz8;snr8;pointy9;pointz9;snr9;pointy10;pointz10;snr10;pointy11;pointz11;snr11;pointy12;pointz12;snr12;pointy13;pointz13;snr13;pointy14;pointz14;snr14;pointy15;pointz15;snr15;pointy16;pointz16;snr16;pointy17;pointz17;snr17;pointy18;pointz18;snr18;pointy19;pointz19;snr19;pointy20;pointz20;snr20;pointy21;pointz21;snr21;pointy22;pointz22;snr22;pointy23;pointz23;snr23;pointy24;pointz24;snr24;pointy25;pointz25;snr25;pointy26;pointz26;snr26;pointy27;pointz27;snr27;pointy28;pointz28;snr28;pointy29;pointz29;snr29;pointy30;pointz30;snr30;pointy31;pointz31;snr31;pointy32;pointz32;snr32;pointy33;pointz33;snr33;pointy34;pointz34;snr34;pointy35;pointz35;snr35;pointy36;pointz36;snr36;pointy37;pointz37;snr37;pointy38;pointz38;snr38;pointy39;pointz39;snr39;pointy40;pointz40;snr40;pointy41;pointz41;snr41;pointy42;pointz42;snr42;pointy43;pointz43;snr43;pointy44;pointz44;snr44;pointy45;pointz45;snr45;pointy46;pointz46;snr46;pointy47;pointz47;snr47;pointy48;pointz48;snr48;pointy49;pointz49;snr49,False,,True,missing columns
FALLING,results_falling_FAIK_163612.csv,C:\Users\UBESC\AppData\Local\Temp\tmpxeo3aj3u\falling\results_falling_FAIK_163612.csv,206,192,185,14,velx;accx,0,11.533980582524272,1,22,0.6178640776699029,161,Session_ID;Recording_Number;Sequence_Number;Frame_count;tid;posy;posz;vely;velz;accy;accz;pointy0;pointz0;snr0;pointy1;pointz1;snr1;pointy2;pointz2;snr2;pointy3;pointz3;snr3;pointy4;pointz4;snr4;pointy5;pointz5;snr5;pointy6;pointz6;snr6;pointy7;pointz7;snr7;pointy8;pointz8;snr8;pointy9;pointz9;snr9;pointy10;pointz10;snr10;pointy11;pointz11;snr11;pointy12;pointz12;snr12;pointy13;pointz13;snr13;pointy14;pointz14;snr14;pointy15;pointz15;snr15;pointy16;pointz16;snr16;pointy17;pointz17;snr17;pointy18;pointz18;snr18;pointy19;pointz19;snr19;pointy20;pointz20;snr20;pointy21;pointz21;snr21;pointy22;pointz22;snr22;pointy23;pointz23;snr23;pointy24;pointz24;snr24;pointy25;pointz25;snr25;pointy26;pointz26;snr26;pointy27;pointz27;snr27;pointy28;pointz28;snr28;pointy29;pointz29;snr29;pointy30;pointz30;snr30;pointy31;pointz31;snr31;pointy32;pointz32;snr32;pointy33;pointz33;snr33;pointy34;pointz34;snr34;pointy35;pointz35;snr35;pointy36;pointz36;snr36;pointy37;pointz37;snr37;pointy38;pointz38;snr38;pointy39;pointz39;snr39;pointy40;pointz40;snr40;pointy41;pointz41;snr41;pointy42;pointz42;snr42;pointy43;pointz43;snr43;pointy44;pointz44;snr44;pointy45;pointz45;snr45;pointy46;pointz46;snr46;pointy47;pointz47;snr47;pointy48;pointz48;snr48;pointy49;pointz49;snr49,False,,True,missing columns
WALKING,replay_2025-08-22_13-14-53.csv,C:\Users\UBESC\AppData\Local\Temp\tmpxeo3aj3u\walking\replay_2025-08-22_13-14-53.csv,365,152,145,213,,0,3.6767123287671235,0,12,0.2049852267955043,70,tid;posx;posy;posz;velx;vely;velz;accx;accy;accz;pointx1;pointy1;pointz1;doppler1;snr1;pointx2;pointy2;pointz2;doppler2;snr2;pointx3;pointy3;pointz3;doppler3;snr3;pointx4;pointy4;pointz4;doppler4;snr4;pointx5;pointy5;pointz5;doppler5;snr5;pointx6;pointy6;pointz6;doppler6;snr6;pointx7;pointy7;pointz7;doppler7;snr7;pointx8;pointy8;pointz8;doppler8;snr8;pointx9;pointy9;pointz9;doppler9;snr9;pointx10;pointy10;pointz10;doppler10;snr10;pointx11;pointy11;pointz11;doppler11;snr11;pointx12;pointy12;pointz12;doppler12;snr12,False,,False,
WALKING,replay_2025-08-22_13-16-44.csv,C:\Users\UBESC\AppData\Local\Temp\tmpxeo3aj3u\walking\replay_2025-08-22_13-16-44.csv,1074,604,597,470,,0,4.943202979515829,0,16,0.23699919534859595,90,tid;posx;posy;posz;velx;vely;velz;accx;accy;accz;pointx1;pointy1;pointz1;doppler1;snr1;pointx2;pointy2;pointz2;doppler2;snr2;pointx3;pointy3;pointz3;doppler3;snr3;pointx4;pointy4;pointz4;doppler4;snr4;pointx5;pointy5;pointz5;doppler5;snr5;pointx6;pointy6;pointz6;doppler6;snr6;pointx7;pointy7;pointz7;doppler7;snr7;pointx8;pointy8;pointz8;doppler8;snr8;pointx9;pointy9;pointz9;doppler9;snr9;pointx10;pointy10;pointz10;doppler10;snr10;pointx11;pointy11;pointz11;doppler11;snr11;pointx12;pointy12;pointz12;doppler12;snr12;pointx13;pointy13;pointz13;doppler13;snr13;pointx14;pointy14;pointz14;doppler14;snr14;pointx15;pointy15;pointz15;doppler15;snr15;pointx16;pointy16;pointz16;doppler16;snr16,False,,False,
WALKING,replay_2025-08-22_13-28-15.csv,C:\Users\UBESC\AppData\Local\Temp\tmpxeo3aj3u\walking\replay_2025-08-22_13-28-15.csv,451,323,316,128,,0,6.547671840354767,1,17,0.1869822750164917,95,tid;posx;posy;posz;velx;vely;velz;accx;accy;accz;pointx1;pointy1;pointz1;doppler1;snr1;pointx2;pointy2;pointz2;doppler2;snr2;pointx3;pointy3;pointz3;doppler3;snr3;pointx4;pointy4;pointz4;doppler4;snr4;pointx5;pointy5;pointz5;doppler5;snr5;pointx6;pointy6;pointz6;doppler6;snr6;pointx7;pointy7;pointz7;doppler7;snr7;pointx8;pointy8;pointz8;doppler8;snr8;pointx9;pointy9;pointz9;doppler9;snr9;pointx10;pointy10;pointz10;doppler10;snr10;pointx11;pointy11;pointz11;doppler11;snr11;pointx12;pointy12;pointz12;doppler12;snr12;pointx13;pointy13;pointz13;doppler13;snr13;pointx14;pointy14;pointz14;doppler14;snr14;pointx15;pointy15;pointz15;doppler15;snr15;pointx16;pointy16;pointz16;doppler16;snr16;pointx17;pointy17;pointz17;doppler17;snr17,False,,False,
WALKING,replay_2025-09-17_14-38-48swap.csv,C:\Users\UBESC\AppData\Local\Temp\tmpxeo3aj3u\walking\replay_2025-09-17_14-38-48swap.csv,791,507,500,284,,0,5.767383059418457,0,16,0.23898477756385503,90,tid;posx;posy;posz;velx;vely;velz;accx;accy;accz;pointx1;pointy1;pointz1;doppler1;snr1;pointx2;pointy2;pointz2;doppler2;snr2;pointx3;pointy3;pointz3;doppler3;snr3;pointx4;pointy4;pointz4;doppler4;snr4;pointx5;pointy5;pointz5;doppler5;snr5;pointx6;pointy6;pointz6;doppler6;snr6;pointx7;pointy7;pointz7;doppler7;snr7;pointx8;pointy8;pointz8;doppler8;snr8;pointx9;pointy9;pointz9;doppler9;snr9;pointx10;pointy10;pointz10;doppler10;snr10;pointx11;pointy11;pointz11;doppler11;snr11;pointx12;pointy12;pointz12;doppler12;snr12;pointx13;pointy13;pointz13;doppler13;snr13;pointx14;pointy14;pointz14;doppler14;snr14;pointx15;pointy15;pointz15;doppler15;snr15;pointx16;pointy16;pointz16;doppler16;snr16,False,,False,
WALKING,walkingcombined.csv,C:\Users\UBESC\AppData\Local\Temp\tmpxeo3aj3u\walking\walkingcombined.csv,1564,1120,1113,444,,0,6.270460358056266,0,17,0.24456702940903474,95,tid;posx;posy;posz;velx;vely;velz;accx;accy;accz;pointx1;pointy1;pointz1;doppler1;snr1;pointx2;pointy2;pointz2;doppler2;snr2;pointx3;pointy3;pointz3;doppler3;snr3;pointx4;pointy4;pointz4;doppler4;snr4;pointx5;pointy5;pointz5;doppler5;snr5;pointx6;pointy6;pointz6;doppler6;snr6;pointx7;pointy7;pointz7;doppler7;snr7;pointx8;pointy8;pointz8;doppler8;snr8;pointx9;pointy9;pointz9;doppler9;snr9;pointx10;pointy10;pointz10;doppler10;snr10;pointx11;pointy11;pointz11;doppler11;snr11;pointx12;pointy12;pointz12;doppler12;snr12;pointx13;pointy13;pointz13;doppler13;snr13;pointx14;pointy14;pointz14;doppler14;snr14;pointx15;pointy15;pointz15;doppler15;snr15;pointx16;pointy16;pointz16;doppler16;snr16;pointx17;pointy17;pointz17;doppler17;snr17,False,,False,
